D,V
1000.000,22.376
1000.303,22.455
1000.607,46.653
1000.910,21.188
1001.214,21.030
1001.517,21.584
1001.820,20.475
1002.124,20.396
1002.427,20.515
1002.731,20.277
1003.034,46.495
1003.337,20.277
1003.641,20.238
1003.944,30.614
1004.248,30.495
1004.551,46.693
1004.854,20.119
1005.158,20.158
1005.461,46.891
1005.765,19.921
1006.068,30.416
1006.371,20.000
1006.675,20.198
1006.978,47.327
1007.282,47.446
1007.585,20.436
1007.888,20.356
1008.192,20.396
1008.495,48.079
1008.799,20.436
1009.102,20.832
1009.405,20.634
1009.709,20.990
1010.012,20.832
1010.316,20.950
1010.619,21.069
1010.922,21.228
1011.226,30.614
1011.529,30.416
1011.833,21.149
1012.136,21.109
1012.439,21.188
1012.743,20.792
1013.046,20.594
1013.350,20.950
1013.653,20.594
1013.956,19.762
1014.260,19.604
1014.563,30.812
1014.867,19.604
1015.170,19.644
1015.473,48.871
1015.777,20.000
1016.080,48.752
1016.383,30.653
1016.687,20.158
1016.990,20.079
1017.294,48.436
1017.597,20.713
1017.900,20.158
1018.204,21.030
1018.507,20.634
1018.811,20.871
1019.114,21.267
1019.417,30.376
1019.721,21.941
1020.024,30.495
1020.328,22.218
1020.631,22.099
1020.934,48.158
1021.238,22.376
1021.541,30.376
1021.845,22.099
1022.148,22.020
1022.451,22.218
1022.755,22.020
1023.058,21.584
1023.362,21.782
1023.665,21.426
1023.968,21.030
1024.272,48.515
1024.575,20.832
1024.879,20.594
1025.182,20.950
1025.485,20.475
1025.789,20.119
1026.092,20.475
1026.396,30.495
1026.699,20.317
1027.002,20.040
1027.306,20.317
1027.609,20.238
1027.913,48.079
1028.216,20.356
1028.519,20.356
1028.823,20.594
1029.126,20.356
1029.430,20.238
1029.733,20.356
1030.036,20.238
1030.340,30.653
1030.643,30.653
1030.947,20.040
1031.250,20.040
1031.553,20.040
1031.857,48.673
1032.160,20.000
1032.464,30.693
1032.767,48.713
1033.070,20.079
1033.374,30.376
1033.677,20.198
1033.981,20.713
1034.284,20.356
1034.587,21.030
1034.891,48.792
1035.194,20.950
1035.498,21.069
1035.801,48.673
1036.104,30.614
1036.408,21.307
1036.711,20.792
1037.015,20.832
1037.318,21.149
1037.621,48.554
1037.925,21.267
1038.228,48.475
1038.532,21.228
1038.835,30.416
1039.138,21.307
1039.442,21.386
1039.745,48.277
1040.049,48.277
1040.352,21.980
1040.655,30.495
1040.959,21.743
1041.262,22.535
1041.566,22.099
1041.869,22.970
1042.172,30.851
1042.476,30.495
1042.779,22.931
1043.083,22.851
1043.386,22.851
1043.689,22.733
1043.993,22.218
1044.296,22.614
1044.600,21.505
1044.903,21.307
1045.206,21.861
1045.510,20.871
1045.813,21.228
1046.117,21.188
1046.420,19.723
1046.723,19.564
1047.027,20.317
1047.330,19.881
1047.633,19.248
1047.937,19.168
1048.240,19.208
1048.544,18.812
1048.847,49.901
1049.150,18.891
1049.454,30.653
1049.757,30.653
1050.061,49.861
1050.364,49.861
1050.667,50.020
1050.971,30.693
1051.274,19.208
1051.578,18.772
1051.881,19.050
1052.184,19.683
1052.488,19.287
1052.791,19.485
1053.095,20.673
1053.398,20.673
1053.701,20.713
1054.005,20.673
1054.308,20.713
1054.612,20.158
1054.915,30.614
1055.218,20.119
1055.522,19.485
1055.825,19.406
1056.129,19.406
1056.432,19.366
1056.735,20.000
1057.039,19.683
1057.342,30.931
1057.646,30.653
1057.949,20.079
1058.252,20.000
1058.556,19.842
1058.859,19.842
1059.163,19.485
1059.466,19.327
1059.769,19.723
1060.073,19.406
1060.376,19.129
1060.680,19.248
1060.983,49.861
1061.286,18.970
1061.590,30.495
1061.893,19.723
1062.197,20.911
1062.500,49.782
1062.803,20.673
1063.107,21.307
1063.410,21.069
1063.714,21.505
1064.017,21.267
1064.320,49.624
1064.624,21.505
1064.927,21.584
1065.231,49.545
1065.534,22.535
1065.837,22.812
1066.141,31.010
1066.444,22.851
1066.748,23.129
1067.051,23.010
1067.354,23.129
1067.658,22.851
1067.961,49.267
1068.265,22.376
1068.568,22.178
1068.871,49.228
1069.175,21.782
1069.478,49.267
1069.782,21.782
1070.085,21.465
1070.388,21.941
1070.692,21.505
1070.995,22.376
1071.299,21.941
1071.602,22.337
1071.905,49.030
1072.209,21.188
1072.512,30.970
1072.816,20.436
1073.119,21.069
1073.422,20.950
1073.726,19.644
1074.029,48.792
1074.333,19.525
1074.636,48.832
1074.939,19.406
1075.243,48.871
1075.546,19.802
1075.850,20.396
1076.153,48.990
1076.456,20.356
1076.760,48.990
1077.063,49.069
1077.367,49.069
1077.670,20.515
1077.973,20.594
1078.277,20.158
1078.580,49.149
1078.883,49.188
1079.187,19.881
1079.490,49.149
1079.794,19.644
1080.097,49.109
1080.400,49.149
1080.704,49.109
1081.007,19.525
1081.311,49.109
1081.614,19.644
1081.917,19.644
1082.221,19.564
1082.524,19.564
1082.828,20.198
1083.131,20.792
1083.434,49.109
1083.738,49.149
1084.041,49.149
1084.345,49.149
1084.648,49.188
1084.951,49.228
1085.255,49.228
1085.558,21.030
1085.862,20.713
1086.165,20.950
1086.468,20.911
1086.772,20.317
1087.075,20.515
1087.379,19.921
1087.682,49.109
1087.985,20.119
1088.289,19.564
1088.592,19.208
1088.896,49.030
1089.199,48.990
1089.502,48.950
1089.806,19.208
1090.109,19.406
1090.413,19.802
1090.716,19.683
1091.019,48.871
1091.323,48.871
1091.626,20.158
1091.930,20.198
1092.233,48.871
1092.536,20.871
1092.840,20.911
1093.143,48.871
1093.447,20.911
1093.750,30.931
1094.053,20.317
1094.357,20.792
1094.660,31.010
1094.964,31.050
1095.267,31.010
1095.570,20.594
1095.874,20.158
1096.177,20.594
1096.481,21.267
1096.784,48.792
1097.087,48.792
1097.391,21.584
1097.694,20.990
1097.998,21.465
1098.301,20.832
1098.604,20.000
1098.908,20.792
1099.211,20.317
1099.515,19.327
1099.818,19.762
1100.121,19.287
1100.425,19.129
1100.728,48.396
1101.032,19.010
1101.335,30.416
1101.638,19.010
1101.942,18.891
1102.245,18.891
1102.549,18.931
1102.852,19.208
1103.155,48.396
1103.459,19.644
1103.762,48.396
1104.066,30.970
1104.369,48.436
1104.672,20.436
1104.976,48.396
1105.279,20.752
1105.583,21.188
1105.886,21.188
1106.189,48.396
1106.493,21.069
1106.796,20.515
1107.100,48.396
1107.403,20.634
1107.706,20.792
1108.010,20.911
1108.313,48.079
1108.617,20.713
1108.920,47.921
1109.223,20.950
1109.527,21.228
1109.830,47.644
1110.133,21.545
1110.437,22.020
1110.740,47.327
1111.044,22.099
1111.347,47.327
1111.650,47.248
1111.954,47.208
1112.257,47.208
1112.561,22.099
1112.864,22.574
1113.167,47.287
1113.471,22.455
1113.774,22.297
1114.078,21.703
1114.381,21.347
1114.684,21.307
1114.988,20.594
1115.291,21.267
1115.595,47.485
1115.898,20.119
1116.201,47.525
1116.505,20.792
1116.808,21.584
1117.112,20.317
1117.415,21.188
1117.718,23.208
1118.022,21.980
1118.325,22.970
1118.629,23.287
1118.932,23.802
1119.235,23.723
1119.539,30.693
1119.842,48.119
1120.146,30.931
1120.449,23.723
1120.752,30.376
1121.056,24.040
1121.359,22.772
1121.663,47.921
1121.966,22.139
1122.269,21.228
1122.573,22.574
1122.876,47.366
1123.180,30.535
1123.483,20.911
1123.786,46.772
1124.090,46.614
1124.393,30.376
1124.697,21.228
1125.000,22.059
1125.303,21.624
1125.607,21.782
1125.910,21.624
1126.214,21.980
1126.517,30.653
1126.820,20.911
1127.124,21.347
1127.427,20.594
1127.731,19.960
1128.034,19.762
1128.337,19.723
1128.641,19.802
1128.944,19.723
1129.248,20.119
1129.551,20.436
1129.854,20.554
1130.158,20.673
1130.461,21.030
1130.765,30.931
1131.068,21.069
1131.371,21.030
1131.675,20.832
1131.978,20.475
1132.282,47.564
1132.585,30.416
1132.888,47.683
1133.192,20.554
1133.495,20.594
1133.799,20.594
1134.102,20.911
1134.405,20.792
1134.709,30.614
1135.012,47.802
1135.316,47.762
1135.619,47.802
1135.922,20.594
1136.226,47.802
1136.529,20.000
1136.833,20.000
1137.136,20.475
1137.439,19.960
1137.743,20.317
1138.046,20.198
1138.350,20.198
1138.653,21.228
1138.956,31.050
1139.260,48.040
1139.563,21.505
1139.867,30.891
1140.170,20.752
1140.473,47.881
1140.777,47.881
1141.080,20.832
1141.383,47.762
1141.687,47.683
1141.990,21.347
1142.294,21.980
1142.597,21.109
1142.900,21.941
1143.204,30.376
1143.507,22.455
1143.811,22.495
1144.114,47.762
1144.417,47.802
1144.721,47.762
1145.024,22.931
1145.328,22.812
1145.631,22.891
1145.934,23.010
1146.238,23.248
1146.541,22.970
1146.845,30.614
1147.148,30.376
1147.451,23.010
1147.755,22.931
1148.058,23.168
1148.362,22.733
1148.665,22.693
1148.968,30.851
1149.272,22.416
1149.575,22.218
1149.879,22.376
1150.182,22.257
1150.485,30.416
1150.789,30.851
1151.092,47.485
1151.396,47.485
1151.699,47.446
1152.002,30.733
1152.306,22.337
1152.609,22.178
1152.913,22.376
1153.216,47.287
1153.519,47.366
1153.823,30.851
1154.126,22.693
1154.430,22.535
1154.733,47.327
1155.036,22.614
1155.340,22.455
1155.643,22.772
1155.947,22.455
1156.250,47.287
1156.553,22.376
1156.857,22.218
1157.160,22.337
1157.464,30.614
1157.767,21.822
1158.070,22.099
1158.374,21.545
1158.677,21.188
1158.981,21.782
1159.284,21.386
1159.587,21.267
1159.891,47.089
1160.194,47.129
1160.498,47.129
1160.801,47.089
1161.104,30.812
1161.408,21.545
1161.711,21.109
1162.015,21.505
1162.318,47.525
1162.621,47.604
1162.925,22.020
1163.228,22.416
1163.532,30.614
1163.835,22.455
1164.138,48.119
1164.442,22.891
1164.745,22.653
1165.049,30.574
1165.352,22.851
1165.655,48.277
1165.959,23.168
1166.262,48.119
1166.566,30.653
1166.869,22.891
1167.172,23.168
1167.476,47.921
1167.779,22.653
1168.083,22.653
1168.386,22.574
1168.689,22.218
1168.993,30.653
1169.296,22.099
1169.600,21.782
1169.903,30.376
1170.206,21.188
1170.510,47.723
1170.813,21.426
1171.117,30.614
1171.420,30.416
1171.723,20.990
1172.027,47.644
1172.330,47.604
1172.633,47.604
1172.937,21.069
1173.240,20.911
1173.544,21.149
1173.847,21.188
1174.150,30.614
1174.454,30.455
1174.757,21.663
1175.061,21.901
1175.364,21.545
1175.667,30.376
1175.971,30.614
1176.274,21.861
1176.578,21.545
1176.881,47.327
1177.184,47.287
1177.488,30.851
1177.791,30.495
1178.095,21.426
1178.398,47.248
1178.701,30.614
1179.005,21.426
1179.308,21.465
1179.612,21.545
1179.915,21.465
1180.218,21.545
1180.522,21.584
1180.825,30.653
1181.129,30.693
1181.432,46.970
1181.735,21.584
1182.039,21.663
1182.342,21.743
1182.646,21.584
1182.949,21.822
1183.252,22.099
1183.556,21.861
1183.859,22.139
1184.163,21.861
1184.466,22.139
1184.769,21.822
1185.073,21.782
1185.376,21.861
1185.680,30.614
1185.983,47.327
1186.286,47.327
1186.590,21.782
1186.893,30.733
1187.197,30.495
1187.500,47.327
1187.803,21.980
1188.107,47.327
1188.410,47.366
1188.714,22.099
1189.017,30.495
1189.320,30.851
1189.624,72.990
1189.927,72.990
1190.231,51.802
1190.534,30.614
1190.837,22.099
1191.141,21.941
1191.444,22.059
1191.748,22.059
1192.051,21.584
1192.354,21.822
1192.658,21.941
1192.961,21.505
1193.265,21.149
1193.568,21.545
1193.871,21.386
1194.175,20.634
1194.478,20.990
1194.782,20.792
1195.085,30.614
1195.388,30.614
1195.692,20.277
1195.995,30.495
1196.299,20.356
1196.602,20.515
1196.905,21.347
1197.209,20.911
1197.512,21.149
1197.816,21.228
1198.119,21.426
1198.422,47.446
1198.726,22.020
1199.029,22.020
1199.333,47.327
1199.636,30.495
1199.939,22.020
1200.243,21.822
1200.546,21.782
1200.850,21.861
1201.153,21.782
1201.456,21.624
1201.760,47.208
1202.063,30.614
1202.367,21.941
1202.670,21.782
1202.973,47.208
1203.277,22.020
1203.580,22.139
1203.883,30.653
1204.187,22.376
1204.490,22.337
1204.794,47.208
1205.097,22.178
1205.400,30.614
1205.704,22.257
1206.007,22.020
1206.311,22.139
1206.614,47.248
1206.917,30.851
1207.221,21.901
1207.524,21.822
1207.828,47.366
1208.131,21.901
1208.434,21.901
1208.738,21.980
1209.041,22.020
1209.345,47.366
1209.648,22.059
1209.951,22.178
1210.255,22.297
1210.558,22.653
1210.862,22.337
1211.165,30.653
1211.468,30.416
1211.772,30.931
1212.075,22.772
1212.379,22.931
1212.682,47.327
1212.985,22.851
1213.289,47.327
1213.592,22.653
1213.896,47.327
1214.199,30.535
1214.502,22.851
1214.806,47.366
1215.109,22.812
1215.413,30.495
1215.716,22.733
1216.019,22.455
1216.323,22.455
1216.626,22.297
1216.930,22.337
1217.233,31.050
1217.536,31.050
1217.840,31.050
1218.143,31.089
1218.447,22.614
1218.750,30.931
1219.053,47.208
1219.357,47.208
1219.660,22.693
1219.964,22.851
1220.267,47.208
1220.570,23.525
1220.874,23.525
1221.177,23.564
1221.481,22.891
1221.784,23.446
1222.087,47.168
1222.391,47.129
1222.694,22.099
1222.998,21.624
1223.301,47.089
1223.604,21.307
1223.908,21.386
1224.211,21.782
1224.515,21.505
1224.818,21.980
1225.121,47.248
1225.425,22.020
1225.728,22.337
1226.032,22.297
1226.335,30.653
1226.638,47.287
1226.942,22.455
1227.245,30.376
1227.549,22.376
1227.852,22.337
1228.155,22.337
1228.459,22.337
1228.762,22.257
1229.066,30.376
1229.369,30.455
1229.672,21.980
1229.976,22.218
1230.279,22.020
1230.583,21.703
1230.886,21.267
1231.189,21.545
1231.493,21.267
1231.796,21.545
1232.100,21.426
1232.403,21.188
1232.706,21.149
1233.010,47.604
1233.313,47.644
1233.617,47.604
1233.920,47.604
1234.223,20.673
1234.527,21.228
1234.830,21.069
1235.133,21.663
1235.437,21.188
1235.740,21.228
1236.044,21.980
1236.347,47.485
1236.650,22.218
1236.954,47.406
1237.257,21.980
1237.561,21.822
1237.864,21.822
1238.167,22.139
1238.471,21.782
1238.774,30.851
1239.078,30.614
1239.381,47.564
1239.684,30.733
1239.988,30.376
1240.291,30.851
1240.595,21.822
1240.898,21.822
1241.201,30.416
1241.505,20.990
1241.808,21.822
1242.112,20.515
1242.415,20.396
1242.718,20.594
1243.022,19.881
1243.325,19.604
1243.629,20.079
1243.932,19.723
1244.235,19.248
1244.539,19.485
1244.842,19.366
1245.146,19.168
1245.449,19.089
1245.752,19.109
1246.056,19.129
1246.359,19.960
1246.663,19.842
1246.966,48.911
1247.269,20.198
1247.573,30.931
1247.876,48.634
1248.180,48.594
1248.483,48.554
1248.786,48.515
1249.090,48.475
1249.393,48.515
1249.697,48.436
1250.000,48.396
1250.303,20.911
1250.607,20.871
1250.910,20.911
1251.214,34.634
1251.517,48.356
1251.820,20.752
1252.124,48.119
1252.427,30.653
1252.731,47.802
1253.034,20.713
1253.337,20.990
1253.641,20.832
1253.944,21.149
1254.248,21.980
1254.551,21.584
1254.854,22.297
1255.158,22.178
1255.461,47.089
1255.765,22.099
1256.068,31.010
1256.371,31.050
1256.675,22.059
1256.978,46.891
1257.282,22.297
1257.585,30.535
1257.888,22.495
1258.192,46.851
1258.495,22.574
1258.799,22.139
1259.102,22.574
1259.405,22.020
1259.709,21.901
1260.012,21.901
1260.316,46.772
1260.619,46.733
1260.922,30.376
1261.226,21.782
1261.529,46.733
1261.833,30.614
1262.136,46.693
1262.439,46.653
1262.743,21.980
1263.046,21.822
1263.350,46.653
1263.653,46.653
1263.956,46.653
1264.260,21.782
1264.563,21.782
1264.867,21.743
1265.170,46.812
1265.473,46.851
1265.777,21.861
1266.080,21.980
1266.383,21.901
1266.687,21.901
1266.990,22.178
1267.294,22.218
1267.597,22.178
1267.900,21.980
1268.204,46.812
1268.507,46.812
1268.811,21.545
1269.114,21.267
1269.417,21.426
1269.721,21.030
1270.024,21.069
1270.328,21.030
1270.631,20.950
1270.934,46.891
1271.238,20.832
1271.541,30.376
1271.845,47.089
1272.148,46.772
1272.451,20.238
1272.755,20.594
1273.058,20.158
1273.362,19.683
1273.665,20.198
1273.968,19.604
1274.272,19.644
1274.575,19.644
1274.879,20.000
1275.182,20.317
1275.485,30.455
1275.789,20.277
1276.092,20.673
1276.396,30.495
1276.699,46.614
1277.002,20.673
1277.306,30.376
1277.609,30.653
1277.913,20.911
1278.216,20.832
1278.519,30.693
1278.823,21.228
1279.126,21.386
1279.430,21.188
1279.733,21.267
1280.036,21.267
1280.340,30.931
1280.643,46.931
1280.947,46.931
1281.250,21.545
1281.553,21.426
1281.857,30.376
1282.160,30.851
1282.464,21.861
1282.767,21.505
1283.070,21.386
1283.374,21.030
1283.677,21.861
1283.981,21.307
1284.284,20.079
1284.587,20.673
1284.891,19.644
1285.194,30.614
1285.498,30.535
1285.801,19.604
1286.104,20.317
1286.408,20.040
1286.711,30.535
1287.015,30.614
1287.318,30.376
1287.621,20.238
1287.925,47.208
1288.228,47.208
1288.532,30.891
1288.835,30.376
1289.138,20.198
1289.442,21.030
1289.745,21.228
1290.049,20.832
1290.352,21.228
1290.655,21.188
1290.959,21.267
1291.262,30.653
1291.566,21.188
1291.869,21.109
1292.172,20.594
1292.476,30.376
1292.779,21.069
1293.083,19.327
1293.386,48.475
1293.689,19.644
1293.993,18.099
1294.296,18.059
1294.600,18.099
1294.903,49.149
1295.206,18.812
1295.510,18.535
1295.813,18.812
1296.117,18.931
1296.420,19.010
1296.723,30.851
1297.027,19.525
1297.330,48.158
1297.633,30.614
1297.937,19.960
1298.240,19.960
1298.544,19.881
1298.847,20.594
1299.150,20.079
1299.454,20.515
1299.757,21.188
1300.061,20.752
1300.364,20.950
1300.667,21.624
1300.971,21.584
1301.274,21.822
1301.578,48.000
1301.881,48.040
1302.184,30.653
1302.488,21.663
1302.791,21.980
1303.095,21.267
1303.398,21.267
1303.701,49.188
1304.005,21.386
1304.308,20.752
1304.612,21.149
1304.915,20.911
1305.218,47.208
1305.522,47.208
1305.825,20.554
1306.129,47.208
1306.432,47.168
1306.735,21.069
1307.039,22.020
1307.342,21.149
1307.646,22.059
1307.949,47.010
1308.252,30.970
1308.556,21.663
1308.859,21.347
1309.163,46.891
1309.466,21.307
1309.769,20.515
1310.073,20.356
1310.376,20.317
1310.680,30.376
1310.983,20.436
1311.286,20.515
1311.590,20.911
1311.893,46.733
1312.197,46.772
1312.500,21.980
1312.803,21.426
1313.107,21.267
1313.410,22.178
1313.714,46.851
1314.017,47.050
1314.320,47.089
1314.624,22.218
1314.927,21.941
1315.231,21.703
1315.534,47.129
1315.837,21.267
1316.141,21.347
1316.444,21.624
1316.748,21.109
1317.051,21.069
1317.354,21.267
1317.658,47.089
1317.961,20.871
1318.265,21.267
1318.568,20.911
1318.871,20.792
1319.175,20.871
1319.478,21.624
1319.782,47.010
1320.085,21.861
1320.388,46.891
1320.692,22.020
1320.995,46.772
1321.299,22.218
1321.602,22.020
1321.905,22.178
1322.209,30.931
1322.512,46.614
1322.816,21.901
1323.119,46.614
1323.422,22.178
1323.726,21.941
1324.029,21.941
1324.333,21.703
1324.636,21.743
1324.939,21.782
1325.243,46.851
1325.546,46.891
1325.850,21.545
1326.153,21.505
1326.456,21.505
1326.760,47.129
1327.063,21.347
1327.367,21.307
1327.670,21.307
1327.973,21.030
1328.277,21.307
1328.580,20.950
1328.883,20.911
1329.187,46.891
1329.490,20.950
1329.794,21.307
1330.097,20.950
1330.400,21.347
1330.704,21.228
1331.007,21.505
1331.311,21.782
1331.614,46.851
1331.917,21.941
1332.221,46.851
1332.524,30.931
1332.828,22.099
1333.131,21.505
1333.434,46.851
1333.738,21.743
1334.041,21.149
1334.345,21.426
1334.648,21.426
1334.951,21.267
1335.255,21.584
1335.558,46.693
1335.862,21.228
1336.165,21.188
1336.468,21.822
1336.772,21.267
1337.075,20.752
1337.379,20.792
1337.682,20.950
1337.985,20.475
1338.289,46.416
1338.592,20.436
1338.896,73.069
1339.199,20.713
1339.502,20.950
1339.806,46.376
1340.109,21.307
1340.413,21.267
1340.716,20.871
1341.019,46.376
1341.323,20.911
1341.626,46.376
1341.930,46.337
1342.233,46.337
1342.536,20.792
1342.840,21.030
1343.143,21.030
1343.447,46.337
1343.750,46.337
1344.053,46.376
1344.357,20.238
1344.660,20.317
1344.964,20.238
1345.267,21.109
1345.570,20.554
1345.874,30.970
1346.177,21.347
1346.481,30.970
1346.784,21.228
1347.087,30.931
1347.391,21.347
1347.694,21.228
1347.998,20.990
1348.301,21.149
1348.604,20.634
1348.908,20.594
1349.211,20.792
1349.515,20.356
1349.818,46.733
1350.121,46.733
1350.425,46.733
1350.728,20.396
1351.032,46.772
1351.335,20.317
1351.638,21.030
1351.942,21.069
1352.245,21.069
1352.549,46.891
1352.852,46.891
1353.155,21.069
1353.459,46.931
1353.762,21.069
1354.066,20.554
1354.369,46.931
1354.672,20.554
1354.976,20.871
1355.279,20.911
1355.583,20.713
1355.886,21.386
1356.189,46.772
1356.493,21.901
1356.796,22.139
1357.100,22.455
1357.403,22.297
1357.706,22.495
1358.010,22.812
1358.313,22.653
1358.617,23.050
1358.920,23.248
1359.223,46.693
1359.527,23.010
1359.830,46.535
1360.133,30.931
1360.437,46.416
1360.740,23.881
1361.044,23.723
1361.347,23.881
1361.650,46.099
1361.954,46.020
1362.257,23.644
1362.561,45.941
1362.864,45.901
1363.167,45.861
1363.471,24.238
1363.774,24.277
1364.078,45.743
1364.381,24.198
1364.684,24.356
1364.988,24.475
1365.291,24.752
1365.595,45.663
1365.898,45.663
1366.201,24.277
1366.505,24.752
1366.808,24.475
1367.112,23.604
1367.415,30.931
1367.718,22.891
1368.022,46.733
1368.325,22.416
1368.629,21.861
1368.932,20.871
1369.235,21.584
1369.539,20.673
1369.842,19.921
1370.146,20.515
1370.449,20.040
1370.752,19.129
1371.056,18.970
1371.359,19.129
1371.663,47.604
1371.966,18.891
1372.269,47.564
1372.573,18.891
1372.876,19.287
1373.180,20.040
1373.483,19.881
1373.786,19.762
1374.090,19.683
1374.393,20.436
1374.697,20.158
1375.000,20.554
1375.303,20.634
1375.607,20.475
1375.910,20.515
1376.214,47.208
1376.517,30.970
1376.820,20.911
1377.124,20.950
1377.427,20.911
1377.731,20.911
1378.034,47.248
1378.337,47.366
1378.641,20.554
1378.944,20.792
1379.248,47.446
1379.551,20.911
1379.854,21.149
1380.158,20.832
1380.461,47.446
1380.765,21.267
1381.068,20.713
1381.371,20.594
1381.675,20.040
1381.978,47.604
1382.282,19.842
1382.585,19.525
1382.888,19.287
1383.192,19.208
1383.495,47.960
1383.799,19.208
1384.102,18.931
1384.405,18.891
1384.709,48.158
1385.012,18.931
1385.316,18.653
1385.619,18.851
1385.922,18.733
1386.226,18.495
1386.529,48.277
1386.833,18.257
1387.136,48.317
1387.439,18.495
1387.743,18.059
1388.046,48.317
1388.350,18.297
1388.653,18.257
1388.956,18.851
1389.260,48.436
1389.563,48.515
1389.867,48.515
1390.170,48.515
1390.473,30.931
1390.777,19.050
1391.080,19.248
1391.383,18.733
1391.687,18.495
1391.990,18.891
1392.294,18.337
1392.597,48.752
1392.900,48.752
1393.204,17.980
1393.507,17.941
1393.811,17.901
1394.114,18.257
1394.417,18.851
1394.721,18.416
1395.024,18.218
1395.328,19.089
1395.631,18.931
1395.934,48.990
1396.238,19.802
1396.541,19.327
1396.845,20.040
1397.148,48.752
1397.451,20.040
1397.755,20.119
1398.058,48.515
1398.362,48.515
1398.665,20.713
1398.968,20.950
1399.272,20.911
1399.575,20.673
1399.879,20.673
1400.182,20.673
1400.485,48.198
1400.789,20.634
1401.092,20.554
1401.396,20.515
1401.699,21.069
1402.002,20.594
1402.306,21.069
1402.609,20.554
1402.913,48.198
1403.216,48.198
1403.519,20.198
1403.823,20.119
1404.126,20.713
1404.430,48.277
1404.733,48.277
1405.036,19.446
1405.340,48.317
1405.643,19.881
1405.947,19.485
1406.250,19.960
1406.553,19.644
1406.857,19.921
1407.160,20.554
1407.464,20.119
1407.767,20.238
1408.070,48.792
1408.374,20.673
1408.677,48.911
1408.981,20.238
1409.284,48.832
1409.587,20.277
1409.891,20.554
1410.194,20.594
1410.498,20.356
1410.801,20.634
1411.104,48.356
1411.408,20.990
1411.711,21.030
1412.015,21.030
1412.318,48.198
1412.621,48.198
1412.925,20.792
1413.228,20.356
1413.532,20.832
1413.835,21.188
1414.138,20.832
1414.442,30.970
1414.745,21.069
1415.049,30.970
1415.352,21.267
1415.655,47.921
1415.959,47.921
1416.262,20.238
1416.566,21.267
1416.869,47.802
1417.172,47.842
1417.476,20.396
1417.779,20.515
1418.083,47.921
1418.386,47.921
1418.689,21.069
1418.993,21.545
1419.296,20.832
1419.600,20.713
1419.903,21.545
1420.206,21.545
1420.510,20.990
1420.813,47.921
1421.117,47.881
1421.420,21.386
1421.723,30.931
1422.027,30.931
1422.330,21.267
1422.633,20.752
1422.937,21.307
1423.240,20.634
1423.544,20.475
1423.847,20.317
1424.150,20.000
1424.454,19.604
1424.757,47.644
1425.061,19.604
1425.364,19.406
1425.667,47.723
1425.971,19.366
1426.274,47.921
1426.578,19.168
1426.881,47.921
1427.184,48.158
1427.488,48.119
1427.791,18.891
1428.095,19.089
1428.398,19.287
1428.701,19.485
1429.005,48.317
1429.308,19.762
1429.612,48.356
1429.915,19.406
1430.218,20.000
1430.522,18.772
1430.825,18.337
1431.129,48.277
1431.432,18.139
1431.735,18.139
1432.039,18.139
1432.342,18.297
1432.646,18.376
1432.949,18.337
1433.252,19.050
1433.556,20.079
1433.859,48.079
1434.163,19.921
1434.466,20.515
1434.769,47.802
1435.073,20.832
1435.376,20.911
1435.680,47.644
1435.983,47.564
1436.286,30.970
1436.590,47.525
1436.893,20.990
1437.197,21.030
1437.500,21.188
1437.803,20.832
1438.107,21.188
1438.410,21.505
1438.714,21.545
1439.017,21.149
1439.320,47.644
1439.624,21.267
1439.927,47.683
1440.231,47.683
1440.534,47.683
1440.837,20.277
1441.141,20.277
1441.444,20.277
1441.748,47.683
1442.051,20.356
1442.354,20.594
1442.658,20.792
1442.961,47.604
1443.265,20.990
1443.568,21.149
1443.871,20.871
1444.175,21.228
1444.478,47.683
1444.782,47.723
1445.085,47.762
1445.388,21.386
1445.692,47.683
1445.995,47.762
1446.299,47.921
1446.602,47.842
1446.905,47.881
1447.209,21.030
1447.512,20.990
1447.816,48.158
1448.119,20.792
1448.422,20.792
1448.726,48.317
1449.029,21.069
1449.333,48.356
1449.636,20.792
1449.939,21.030
1450.243,48.277
1450.546,21.069
1450.850,21.267
1451.153,48.158
1451.456,30.970
1451.760,20.990
1452.063,48.119
1452.367,21.347
1452.670,21.228
1452.973,48.079
1453.277,20.792
1453.580,21.069
1453.883,20.911
1454.187,21.030
1454.490,21.545
1454.794,48.158
1455.097,21.267
1455.400,21.228
1455.704,21.545
1456.007,20.832
1456.311,30.931
1456.614,21.307
1456.917,20.752
1457.221,20.317
1457.524,48.198
1457.828,20.436
1458.131,48.198
1458.434,30.970
1458.738,20.040
1459.041,20.040
1459.345,20.040
1459.648,20.079
1459.951,48.238
1460.255,48.238
1460.558,20.040
1460.862,20.436
1461.165,20.119
1461.468,48.158
1461.772,20.594
1462.075,20.475
1462.379,20.594
1462.682,48.158
1462.985,48.158
1463.289,20.554
1463.592,20.475
1463.896,20.713
1464.199,20.317
1464.502,19.881
1464.806,31.050
1465.109,19.723
1465.413,19.564
1465.716,48.277
1466.019,19.762
1466.323,20.475
1466.626,20.238
1466.930,20.792
1467.233,48.475
1467.536,48.594
1467.840,20.475
1468.143,48.752
1468.447,48.792
1468.750,48.871
1469.053,20.079
1469.357,20.040
1469.660,49.030
1469.964,49.228
1470.267,20.158
1470.570,20.475
1470.874,20.396
1471.177,49.386
1471.481,49.386
1471.784,49.347
1472.087,49.307
1472.391,20.515
1472.694,72.277
1472.998,49.228
1473.301,19.960
1473.604,19.921
1473.908,20.158
1474.211,19.802
1474.515,19.564
1474.818,19.564
1475.121,19.446
1475.425,19.485
1475.728,49.228
1476.032,19.168
1476.335,19.050
1476.638,19.723
1476.942,49.188
1477.245,18.693
1477.549,49.109
1477.852,30.970
1478.155,19.287
1478.459,18.812
1478.762,48.911
1479.066,48.673
1479.369,19.287
1479.672,18.970
1479.976,18.851
1480.279,18.891
1480.583,49.069
1480.886,18.535
1481.189,48.871
1481.493,18.535
1481.796,19.089
1482.100,18.891
1482.403,18.851
1482.706,18.891
1483.010,19.485
1483.313,19.723
1483.617,48.119
1483.920,48.040
1484.223,48.079
1484.527,48.079
1484.830,20.238
1485.133,20.356
1485.437,48.040
1485.740,20.554
1486.044,20.277
1486.347,48.238
1486.650,30.931
1486.954,48.277
1487.257,48.396
1487.561,20.396
1487.864,20.356
1488.167,20.198
1488.471,48.594
1488.774,48.554
1489.078,48.475
1489.381,20.119
1489.684,48.475
1489.988,30.891
1490.291,30.931
1490.595,48.396
1490.898,19.802
1491.201,48.436
1491.505,19.485
1491.808,19.485
1492.112,19.208
1492.415,19.050
1492.718,19.248
1493.022,30.931
1493.325,19.881
1493.629,20.792
1493.932,48.238
1494.235,48.198
1494.539,48.198
1494.842,48.079
1495.146,21.069
1495.449,20.356
1495.752,20.911
1496.056,19.921
1496.359,19.564
1496.663,19.446
1496.966,48.079
1497.269,19.960
1497.573,19.683
1497.876,19.921
1498.180,20.634
1498.483,20.317
1498.786,20.911
1499.090,48.000
1499.393,20.792
1499.697,21.069
1500.000,47.802
1500.303,21.386
1500.607,47.802
1500.910,21.861
1501.214,21.822
1501.517,21.267
1501.820,21.426
1502.124,21.782
1502.427,21.307
1502.731,21.228
1503.034,47.327
1503.337,47.327
1503.641,21.386
1503.944,21.307
1504.248,30.970
1504.551,47.406
1504.854,30.931
1505.158,20.990
1505.461,47.485
1505.765,20.871
1506.068,20.911
1506.371,47.564
1506.675,21.228
1506.978,21.426
1507.282,21.782
1507.585,21.505
1507.888,47.723
1508.192,47.683
1508.495,21.782
1508.799,47.683
1509.102,21.228
1509.405,30.376
1509.709,21.545
1510.012,20.911
1510.316,20.911
1510.619,20.832
1510.922,47.525
1511.226,47.525
1511.529,30.614
1511.833,30.614
1512.136,47.564
1512.439,20.554
1512.743,30.653
1513.046,30.376
1513.350,47.802
1513.653,21.149
1513.956,20.634
1514.260,20.950
1514.563,30.376
1514.867,30.376
1515.170,21.465
1515.473,21.663
1515.777,47.564
1516.080,21.663
1516.383,21.703
1516.687,47.366
1516.990,21.426
1517.294,21.267
1517.597,21.861
1517.900,20.871
1518.204,47.168
1518.507,47.168
1518.811,20.871
1519.114,20.990
1519.417,20.911
1519.721,20.911
1520.024,20.871
1520.328,46.931
1520.631,20.950
1520.934,47.010
1521.238,21.545
1521.541,21.228
1521.845,47.010
1522.148,21.941
1522.451,47.089
1522.755,30.970
1523.058,47.089
1523.362,47.129
1523.665,21.663
1523.968,21.941
1524.272,21.545
1524.575,21.267
1524.879,47.168
1525.182,21.069
1525.485,20.475
1525.789,21.267
1526.092,20.238
1526.396,20.158
1526.699,20.198
1527.002,20.158
1527.306,47.129
1527.609,47.129
1527.913,21.069
1528.216,21.624
1528.519,20.713
1528.823,20.990
1529.126,21.188
1529.430,21.188
1529.733,31.050
1530.036,20.634
1530.340,20.238
1530.643,21.188
1530.947,47.208
1531.250,47.208
1531.553,20.634
1531.857,20.475
1532.160,20.396
1532.464,20.990
1532.767,21.901
1533.070,21.307
1533.374,47.208
1533.677,22.812
1533.981,47.248
1534.284,30.931
1534.587,47.327
1534.891,47.287
1535.194,22.376
1535.498,21.901
1535.801,22.495
1536.104,21.386
1536.408,21.386
1536.711,21.545
1537.015,47.406
1537.318,21.149
1537.621,20.950
1537.925,21.267
1538.228,21.743
1538.532,21.267
1538.835,21.703
1539.138,47.129
1539.442,21.861
1539.745,47.129
1540.049,21.703
1540.352,47.089
1540.655,47.089
1540.959,21.901
1541.262,21.703
1541.566,47.129
1541.869,47.129
1542.172,47.129
1542.476,22.139
1542.779,47.129
1543.083,21.941
1543.386,47.089
1543.689,47.089
1543.993,47.089
1544.296,22.178
1544.600,21.861
1544.903,21.980
1545.206,47.089
1545.510,47.129
1545.813,21.861
1546.117,21.861
1546.420,21.822
1546.723,21.663
1547.027,21.822
1547.330,21.901
1547.633,21.505
1547.937,21.703
1548.240,47.129
1548.544,21.861
1548.847,47.208
1549.150,22.059
1549.454,22.257
1549.757,47.208
1550.061,47.208
1550.364,22.614
1550.667,47.366
1550.971,21.861
1551.274,21.663
1551.578,22.218
1551.881,69.386
1552.184,47.366
1552.488,21.822
1552.791,22.178
1553.095,21.980
1553.398,22.257
1553.701,22.416
1554.005,22.455
1554.308,22.416
1554.612,22.139
1554.915,47.327
1555.218,21.703
1555.522,21.307
1555.825,22.020
1556.129,20.752
1556.432,20.752
1556.735,21.069
1557.039,20.554
1557.342,20.911
1557.646,20.950
1557.949,20.634
1558.252,69.386
1558.556,47.762
1558.859,21.980
1559.163,22.455
1559.466,21.901
1559.769,47.287
1560.073,22.059
1560.376,21.901
1560.680,21.822
1560.983,20.950
1561.286,21.782
1561.590,20.634
1561.893,19.802
1562.197,20.634
1562.500,19.525
1562.803,18.891
1563.107,47.762
1563.410,18.812
1563.714,18.495
1564.017,48.000
1564.320,18.535
1564.624,18.772
1564.927,18.851
1565.231,18.851
1565.534,19.287
1565.837,19.089
1566.141,19.406
1566.444,48.515
1566.748,48.554
1567.051,48.594
1567.354,48.554
1567.658,48.594
1567.961,19.406
1568.265,19.208
1568.568,19.525
1568.871,18.733
1569.175,18.337
1569.478,19.010
1569.782,18.020
1570.085,17.703
1570.388,18.178
1570.692,17.426
1570.995,48.713
1571.299,48.634
1571.602,17.822
1571.905,48.871
1572.209,17.703
1572.512,49.228
1572.816,17.663
1573.119,17.941
1573.422,17.267
1573.726,17.030
1574.029,17.584
1574.333,16.713
1574.636,16.673
1574.939,50.099
1575.243,16.832
1575.546,17.584
1575.850,17.069
1576.153,17.822
1576.456,18.059
1576.760,17.782
1577.063,18.337
1577.367,30.970
1577.670,18.099
1577.973,18.178
1578.277,18.535
1578.580,18.455
1578.883,18.574
1579.187,18.891
1579.490,18.733
1579.794,18.851
1580.097,19.208
1580.400,48.832
1580.704,19.446
1581.007,19.525
1581.311,69.386
1581.614,19.485
1581.917,18.891
1582.221,48.990
1582.524,18.733
1582.828,18.139
1583.131,18.178
1583.434,17.980
1583.738,18.139
1584.041,18.139
1584.345,48.950
1584.648,30.376
1584.951,48.950
1585.255,18.139
1585.558,18.337
1585.862,30.535
1586.165,18.931
1586.468,19.287
1586.772,18.653
1587.075,19.248
1587.379,19.723
1587.682,19.406
1587.985,19.683
1588.289,20.079
1588.592,48.475
1588.896,48.436
1589.199,20.119
1589.502,48.396
1589.806,19.960
1590.109,48.317
1590.413,20.436
1590.716,20.475
1591.019,48.277
1591.323,20.436
1591.626,20.119
1591.930,19.960
1592.233,20.079
1592.536,19.406
1592.840,19.406
1593.143,30.376
1593.447,18.812
1593.750,48.832
1594.053,18.772
1594.357,18.891
1594.660,19.010
1594.964,30.376
1595.267,19.248
1595.570,19.842
1595.874,30.376
1596.177,19.723
1596.481,20.158
1596.784,19.921
1597.087,20.119
1597.391,20.158
1597.694,20.158
1597.998,20.158
1598.301,20.000
1598.604,30.931
1598.908,19.842
1599.211,19.525
1599.515,19.842
1599.818,19.485
1600.121,19.723
1600.425,19.564
1600.728,19.644
1601.032,48.079
1601.335,19.802
1601.638,20.238
1601.942,21.149
1602.245,20.317
1602.549,21.188
1602.852,20.475
1603.155,48.277
1603.459,20.832
1603.762,48.515
1604.066,20.515
1604.369,19.446
1604.672,18.851
1604.976,19.723
1605.279,30.931
1605.583,19.485
1605.886,18.851
1606.189,19.089
1606.493,48.594
1606.796,48.594
1607.100,19.525
1607.403,19.564
1607.706,31.168
1608.010,19.644
1608.313,19.327
1608.617,19.327
1608.920,48.396
1609.223,19.287
1609.527,19.287
1609.830,48.396
1610.133,19.881
1610.437,19.921
1610.740,19.881
1611.044,20.198
1611.347,19.960
1611.650,20.475
1611.954,20.396
1612.257,48.396
1612.561,48.396
1612.864,20.198
1613.167,20.396
1613.471,20.158
1613.774,48.396
1614.078,48.396
1614.381,48.436
1614.684,20.198
1614.988,48.396
1615.291,20.396
1615.595,48.436
1615.898,20.356
1616.201,20.792
1616.505,30.376
1616.808,20.792
1617.112,20.198
1617.415,19.683
1617.718,30.693
1618.022,19.762
1618.325,18.653
1618.629,18.574
1618.932,18.376
1619.235,18.218
1619.539,18.574
1619.842,17.901
1620.146,30.416
1620.449,18.059
1620.752,18.139
1621.056,18.337
1621.359,18.614
1621.663,18.495
1621.966,18.139
1622.269,18.337
1622.573,17.584
1622.876,17.584
1623.180,30.614
1623.483,17.624
1623.786,49.030
1624.090,17.901
1624.393,18.653
1624.697,30.614
1625.000,30.614
1625.303,48.990
1625.607,19.208
1625.910,48.950
1626.214,19.050
1626.517,30.376
1626.820,19.208
1627.124,19.644
1627.427,19.683
1627.731,19.683
1628.034,19.723
1628.337,18.970
1628.641,19.287
1628.944,19.327
1629.248,49.426
1629.551,48.911
1629.854,30.931
1630.158,19.129
1630.461,30.614
1630.765,30.614
1631.068,18.891
1631.371,19.050
1631.675,18.772
1631.978,18.772
1632.282,18.851
1632.585,19.287
1632.888,19.842
1633.192,19.168
1633.495,19.683
1633.799,19.842
1634.102,19.842
1634.405,48.871
1634.709,19.683
1635.012,48.911
1635.316,19.802
1635.619,48.950
1635.922,48.990
1636.226,19.248
1636.529,19.089
1636.833,19.366
1637.136,19.050
1637.439,18.970
1637.743,19.089
1638.046,19.208
1638.350,19.366
1638.653,31.050
1638.956,20.000
1639.260,19.762
1639.563,48.950
1639.867,19.921
1640.170,19.604
1640.473,19.802
1640.777,19.287
1641.080,18.733
1641.383,19.406
1641.687,18.376
1641.990,30.495
1642.294,18.416
1642.597,18.337
1642.900,18.376
1643.204,48.634
1643.507,48.634
1643.811,18.535
1644.114,30.495
1644.417,18.495
1644.721,18.851
1645.024,18.495
1645.328,30.653
1645.631,18.614
1645.934,30.614
1646.238,18.574
1646.541,18.337
1646.845,18.455
1647.148,18.455
1647.451,18.376
1647.755,48.871
1648.058,18.376
1648.362,18.653
1648.665,18.337
1648.968,18.574
1649.272,19.089
1649.575,18.812
1649.879,19.010
1650.182,19.446
1650.485,30.931
1650.789,19.644
1651.092,30.693
1651.396,19.644
1651.699,19.644
1652.002,19.327
1652.306,19.327
1652.609,48.990
1652.913,19.129
1653.216,19.287
1653.519,30.970
1653.823,19.129
1654.126,19.168
1654.430,48.911
1654.733,30.614
1655.036,19.129
1655.340,48.792
1655.643,19.248
1655.947,48.752
1656.250,19.089
1656.553,19.287
1656.857,19.287
1657.160,19.485
1657.464,48.515
1657.767,48.475
1658.070,30.851
1658.374,30.495
1658.677,30.614
1658.981,48.396
1659.284,20.040
1659.587,20.040
1659.891,20.198
1660.194,20.634
1660.498,20.356
1660.801,20.871
1661.104,30.653
1661.408,20.911
1661.711,20.911
1662.015,20.554
1662.318,48.158
1662.621,20.554
1662.925,20.515
1663.228,30.851
1663.532,48.158
1663.835,20.634
1664.138,30.455
1664.442,20.673
1664.745,20.158
1665.049,20.158
1665.352,19.881
1665.655,19.881
1665.959,19.921
1666.262,48.554
1666.566,48.713
1666.869,19.881
1667.172,30.693
1667.476,19.842
1667.779,19.881
1668.083,20.475
1668.386,20.554
1668.689,30.376
1668.993,20.515
1669.296,19.644
1669.600,20.158
1669.903,48.673
1670.206,19.208
1670.510,30.495
1670.813,19.010
1671.117,18.851
1671.420,48.713
1671.723,18.851
1672.027,18.653
1672.330,18.891
1672.633,48.752
1672.937,18.495
1673.240,48.792
1673.544,18.337
1673.847,18.337
1674.150,18.495
1674.454,18.693
1674.757,30.376
1675.061,30.416
1675.364,18.851
1675.667,30.416
1675.971,19.010
1676.274,18.812
1676.578,48.436
1676.881,48.436
1677.184,30.653
1677.488,19.129
1677.791,48.119
1678.095,48.079
1678.398,30.614
1678.701,30.733
1679.005,18.970
1679.308,19.287
1679.612,18.931
1679.915,30.970
1680.218,19.842
1680.522,19.406
1680.825,19.960
1681.129,30.495
1681.432,47.921
1681.735,19.802
1682.039,19.762
1682.342,47.842
1682.646,30.772
1682.949,19.723
1683.252,19.723
1683.556,47.723
1683.859,20.119
1684.163,30.495
1684.466,19.960
1684.769,19.842
1685.073,19.921
1685.376,30.851
1685.680,47.802
1685.983,30.376
1686.286,19.842
1686.590,47.881
1686.893,30.851
1687.197,47.921
1687.500,47.960
1687.803,48.000
1688.107,48.000
1688.410,19.960
1688.714,48.040
1689.017,19.802
1689.320,48.119
1689.624,48.158
1689.927,19.604
1690.231,19.842
1690.534,19.881
1690.837,30.614
1691.141,19.960
1691.444,48.436
1691.748,20.000
1692.051,19.683
1692.354,30.376
1692.658,19.525
1692.961,19.446
1693.265,19.564
1693.568,19.366
1693.871,30.376
1694.175,48.356
1694.478,19.366
1694.782,19.406
1695.085,19.485
1695.388,19.604
1695.692,47.960
1695.995,19.525
1696.299,19.564
1696.602,30.376
1696.905,19.842
1697.209,20.238
1697.512,20.277
1697.816,30.376
1698.119,20.277
1698.422,20.158
1698.726,47.485
1699.029,20.119
1699.333,47.485
1699.636,20.277
1699.939,20.673
1700.243,47.485
1700.546,30.455
1700.850,20.515
1701.153,20.713
1701.456,20.396
1701.760,20.396
1702.063,30.376
1702.367,30.614
1702.670,20.158
1702.973,20.158
1703.277,20.198
1703.580,30.653
1703.883,19.762
1704.187,20.238
1704.490,19.683
1704.794,19.406
1705.097,30.376
1705.400,30.653
1705.704,19.881
1706.007,19.604
1706.311,19.723
1706.614,30.376
1706.917,19.960
1707.221,47.960
1707.524,19.802
1707.828,30.376
1708.131,30.653
1708.434,47.921
1708.738,47.960
1709.041,30.614
1709.345,20.950
1709.648,20.317
1709.951,20.950
1710.255,21.109
1710.558,21.149
1710.862,20.832
1711.165,20.911
1711.468,21.307
1711.772,20.475
1712.075,20.238
1712.379,20.752
1712.682,47.842
1712.985,18.059
1713.289,19.644
1713.592,17.584
1713.896,17.822
1714.199,17.663
1714.502,17.743
1714.806,30.653
1715.109,30.455
1715.413,18.297
1715.716,47.881
1716.019,18.574
1716.323,47.802
1716.626,19.762
1716.930,19.327
1717.233,47.723
1717.536,30.653
1717.840,19.802
1718.143,19.723
1718.447,19.604
1718.750,47.604
1719.053,19.050
1719.357,19.168
1719.660,18.099
1719.964,18.653
1720.267,18.099
1720.570,18.099
1720.874,17.941
1721.177,17.545
1721.481,17.505
1721.784,17.465
1722.087,30.614
1722.391,17.465
1722.694,17.822
1722.998,17.901
1723.301,47.842
1723.604,17.822
1723.908,18.891
1724.211,18.376
1724.515,18.178
1724.818,30.416
1725.121,30.851
1725.425,47.960
1725.728,48.119
1726.032,48.158
1726.335,30.693
1726.638,18.218
1726.942,18.931
1727.245,18.376
1727.549,30.614
1727.852,17.426
1728.155,17.505
1728.459,17.584
1728.762,17.624
1729.066,17.743
1729.369,18.812
1729.672,18.851
1729.976,18.812
1730.279,19.960
1730.583,30.416
1730.886,20.000
1731.189,21.149
1731.493,20.317
1731.796,21.267
1732.100,21.228
1732.403,48.634
1732.706,48.396
1733.010,30.812
1733.313,21.267
1733.617,21.386
1733.920,21.861
1734.223,47.842
1734.527,21.703
1734.830,30.376
1735.133,21.861
1735.437,47.406
1735.740,47.327
1736.044,30.495
1736.347,21.663
1736.650,21.109
1736.954,21.465
1737.257,20.832
1737.561,20.554
1737.864,20.990
1738.167,20.238
1738.471,20.475
1738.774,20.436
1739.078,30.851
1739.381,20.594
1739.684,20.238
1739.988,20.554
1740.291,20.832
1740.595,20.713
1740.898,21.545
1741.201,21.347
1741.505,46.812
1741.808,30.614
1742.112,30.495
1742.415,22.099
1742.718,21.980
1743.022,21.465
1743.325,21.505
1743.629,20.871
1743.932,20.594
1744.235,20.713
1744.539,20.713
1744.842,30.376
1745.146,46.970
1745.449,20.594
1745.752,20.911
1746.056,20.554
1746.359,21.188
1746.663,46.851
1746.966,20.990
1747.269,21.069
1747.573,21.584
1747.876,21.703
1748.180,46.891
1748.483,22.218
1748.786,30.376
1749.090,22.218
1749.393,21.228
1749.697,47.050
1750.000,20.911
1750.303,20.396
1750.607,20.356
1750.910,18.851
1751.214,30.851
1751.517,18.178
1751.820,18.495
1752.124,18.020
1752.427,18.416
1752.731,18.139
1753.034,30.614
1753.337,30.535
1753.641,47.802
1753.944,17.743
1754.248,17.743
1754.551,17.703
1754.854,48.119
1755.158,48.158
1755.461,30.614
1755.765,17.822
1756.068,17.901
1756.371,17.822
1756.675,18.178
1756.978,18.020
1757.282,18.218
1757.585,18.416
1757.888,18.139
1758.192,30.851
1758.495,19.050
1758.799,18.851
1759.102,19.248
1759.405,19.208
1759.709,19.248
1760.012,19.208
1760.316,18.693
1760.619,19.050
1760.922,30.653
1761.226,30.495
1761.529,30.970
1761.833,47.683
1762.136,47.723
1762.439,47.723
1762.743,18.693
1763.046,30.495
1763.350,30.970
1763.653,47.762
1763.956,19.248
1764.260,19.050
1764.563,19.406
1764.867,18.495
1765.170,18.535
1765.473,18.535
1765.777,19.050
1766.080,30.653
1766.383,18.495
1766.687,30.851
1766.990,18.653
1767.294,17.743
1767.597,17.228
1767.900,17.743
1768.204,16.792
1768.507,30.614
1768.811,16.238
1769.114,16.198
1769.417,15.881
1769.721,15.762
1770.024,15.802
1770.328,30.376
1770.631,30.851
1770.934,48.396
1771.238,15.723
1771.541,48.356
1771.845,15.842
1772.148,15.842
1772.451,15.802
1772.755,15.842
1773.058,30.614
1773.362,30.455
1773.665,30.851
1773.968,15.921
1774.272,47.881
1774.575,16.040
1774.879,16.119
1775.182,16.079
1775.485,16.396
1775.789,16.911
1776.092,16.594
1776.396,16.871
1776.699,17.030
1777.002,17.307
1777.306,18.020
1777.609,30.653
1777.913,30.653
1778.216,18.297
1778.519,18.535
1778.823,18.535
1779.126,30.653
1779.430,30.376
1779.733,30.851
1780.036,19.366
1780.340,30.851
1780.643,19.644
1780.947,20.000
1781.250,47.564
1781.553,19.881
1781.857,19.644
1782.160,30.495
1782.464,30.653
1782.767,19.644
1783.070,19.683
1783.374,19.683
1783.677,19.842
1783.981,30.376
1784.284,19.762
1784.587,19.842
1784.891,20.198
1785.194,19.960
1785.498,30.812
1785.801,20.158
1786.104,47.089
1786.408,30.614
1786.711,20.158
1787.015,30.416
1787.318,47.485
1787.621,47.089
1787.925,47.089
1788.228,30.614
1788.532,30.376
1788.835,47.089
1789.138,20.238
1789.442,30.693
1789.745,30.495
1790.049,20.634
1790.352,47.089
1790.655,20.475
1790.959,47.129
1791.262,20.396
1791.566,20.792
1791.869,20.277
1792.172,20.119
1792.476,20.317
1792.779,19.842
1793.083,47.327
1793.386,19.960
1793.689,19.842
1793.993,19.644
1794.296,30.614
1794.600,19.644
1794.903,19.644
1795.206,47.248
1795.510,20.000
1795.813,20.356
1796.117,19.881
1796.420,20.752
1796.723,20.990
1797.027,20.594
1797.330,21.267
1797.633,21.584
1797.937,21.228
1798.240,21.505
1798.544,21.861
1798.847,30.693
1799.150,47.446
1799.454,21.347
1799.757,30.376
1800.061,21.941
1800.364,20.554
1800.667,20.752
1800.971,19.802
1801.274,30.812
1801.578,19.644
1801.881,18.693
1802.184,30.614
1802.488,30.416
1802.791,18.257
1803.095,18.733
1803.398,18.772
1803.701,18.733
1804.005,19.485
1804.308,30.574
1804.612,20.198
1804.915,19.842
1805.218,19.960
1805.522,20.436
1805.825,30.376
1806.129,30.851
1806.432,47.485
1806.735,47.446
1807.039,30.535
1807.342,30.653
1807.646,47.446
1807.949,20.634
1808.252,30.851
1808.556,21.149
1808.859,20.792
1809.163,47.446
1809.466,21.545
1809.769,21.307
1810.073,21.307
1810.376,20.317
1810.680,20.396
1810.983,20.752
1811.286,21.782
1811.590,21.267
1811.893,21.743
1812.197,21.267
1812.500,47.446
1812.803,21.267
1813.107,20.752
1813.410,30.693
1813.714,47.446
1814.017,47.446
1814.320,30.376
1814.624,20.356
1814.927,47.406
1815.231,47.366
1815.534,20.673
1815.837,20.396
1816.141,20.317
1816.444,19.842
1816.748,19.683
1817.051,20.198
1817.354,19.287
1817.658,47.327
1817.961,19.208
1818.265,18.693
1818.568,18.455
1818.871,30.812
1819.175,18.455
1819.478,47.762
1819.782,30.653
1820.085,18.495
1820.388,47.960
1820.692,48.040
1820.995,18.653
1821.299,18.653
1821.602,18.614
1821.905,18.376
1822.209,30.614
1822.512,18.178
1822.816,17.861
1823.119,48.792
1823.422,48.792
1823.726,17.663
1824.029,17.703
1824.333,17.980
1824.636,18.337
1824.939,18.772
1825.243,18.416
1825.546,18.812
1825.850,19.129
1826.153,18.931
1826.456,19.287
1826.760,19.366
1827.063,19.287
1827.367,19.564
1827.670,30.614
1827.973,19.485
1828.277,48.119
1828.580,19.525
1828.883,19.525
1829.187,30.614
1829.490,19.366
1829.794,30.614
1830.097,19.050
1830.400,18.574
1830.704,18.614
1831.007,18.772
1831.311,17.901
1831.614,18.455
1831.917,18.139
1832.221,30.376
1832.524,47.683
1832.828,18.099
1833.131,18.218
1833.434,18.416
1833.738,19.050
1834.041,47.683
1834.345,19.287
1834.648,19.683
1834.951,20.119
1835.255,20.079
1835.558,47.604
1835.862,19.881
1836.165,19.881
1836.468,19.802
1836.772,18.653
1837.075,18.535
1837.379,30.614
1837.682,18.535
1837.985,18.574
1838.289,18.535
1838.592,18.772
1838.896,30.455
1839.199,30.733
1839.502,46.970
1839.806,46.970
1840.109,18.931
1840.413,19.010
1840.716,19.010
1841.019,19.208
1841.323,19.525
1841.626,19.208
1841.930,19.366
1842.233,19.881
1842.536,20.000
1842.840,20.119
1843.143,20.277
1843.447,20.317
1843.750,47.327
1844.053,30.733
1844.357,20.119
1844.660,19.921
1844.964,19.762
1845.267,19.881
1845.570,19.248
1845.874,30.455
1846.177,19.406
1846.481,18.931
1846.784,18.733
1847.087,18.931
1847.391,18.931
1847.694,47.644
1847.998,47.683
1848.301,19.010
1848.604,30.376
1848.908,19.010
1849.211,18.891
1849.515,18.733
1849.818,18.812
1850.121,30.653
1850.425,47.604
1850.728,47.723
1851.032,30.614
1851.335,18.733
1851.638,18.693
1851.942,47.366
1852.245,19.327
1852.549,30.495
1852.852,30.614
1853.155,19.723
1853.459,19.406
1853.762,19.604
1854.066,19.842
1854.369,19.842
1854.672,19.762
1854.976,30.653
1855.279,30.455
1855.583,30.495
1855.886,19.762
1856.189,19.683
1856.493,19.644
1856.796,19.881
1857.100,19.842
1857.403,19.644
1857.706,19.525
1858.010,46.970
1858.313,30.614
1858.617,19.485
1858.920,19.485
1859.223,19.604
1859.527,19.723
1859.830,19.644
1860.133,19.762
1860.437,20.079
1860.740,20.000
1861.044,46.891
1861.347,20.198
1861.650,30.416
1861.954,20.158
1862.257,46.772
1862.561,46.693
1862.864,19.802
1863.167,46.574
1863.471,19.842
1863.774,20.040
1864.078,20.475
1864.381,20.079
1864.684,20.832
1864.988,20.198
1865.291,46.455
1865.595,20.832
1865.898,30.614
1866.201,21.030
1866.505,20.950
1866.808,46.851
1867.112,46.772
1867.415,20.634
1867.718,20.277
1868.022,20.436
1868.325,20.119
1868.629,19.762
1868.932,30.455
1869.235,19.881
1869.539,19.208
1869.842,19.604
1870.146,30.614
1870.449,30.376
1870.752,19.089
1871.056,47.446
1871.359,47.406
1871.663,19.564
1871.966,47.406
1872.269,19.564
1872.573,47.406
1872.876,19.644
1873.180,30.455
1873.483,19.644
1873.786,47.327
1874.090,19.644
1874.393,19.683
1874.697,19.525
1875.000,19.564
1875.303,19.683
1875.607,19.485
1875.910,19.366
1876.214,19.327
1876.517,18.772
1876.820,18.297
1877.124,18.733
1877.427,18.059
1877.731,47.129
1878.034,18.178
1878.337,17.703
1878.641,17.584
1878.944,17.584
1879.248,17.624
1879.551,17.743
1879.854,46.891
1880.158,17.941
1880.461,18.416
1880.765,18.139
1881.068,18.297
1881.371,46.772
1881.675,18.693
1881.978,30.614
1882.282,46.891
1882.585,46.931
1882.888,30.614
1883.192,30.495
1883.495,18.693
1883.799,18.653
1884.102,18.535
1884.405,18.693
1884.709,47.129
1885.012,71.089
1885.316,18.535
1885.619,18.337
1885.922,18.733
1886.226,18.535
1886.529,19.129
1886.833,19.644
1887.136,19.248
1887.439,19.604
1887.743,19.960
1888.046,19.921
1888.350,19.960
1888.653,19.406
1888.956,19.960
1889.260,19.129
1889.563,19.050
1889.867,30.455
1890.170,19.050
1890.473,19.525
1890.777,47.366
1891.080,33.505
1891.383,19.644
1891.687,30.851
1891.990,20.356
1892.294,30.851
1892.597,20.317
1892.900,30.614
1893.204,47.406
1893.507,47.446
1893.811,20.673
1894.114,20.396
1894.417,47.564
1894.721,20.317
1895.024,20.317
1895.328,20.277
1895.631,20.238
1895.934,20.554
1896.238,47.485
1896.541,30.733
1896.845,20.238
1897.148,20.634
1897.451,20.000
1897.755,19.564
1898.058,20.040
1898.362,19.168
1898.665,18.495
1898.968,47.129
1899.272,18.416
1899.575,18.099
1899.879,47.129
1900.182,30.653
1900.485,18.970
1900.789,18.495
1901.092,18.733
1901.396,30.376
1901.699,19.129
1902.002,19.485
1902.306,19.762
1902.609,30.495
1902.913,19.406
1903.216,19.208
1903.519,19.050
1903.823,18.851
1904.126,18.812
1904.430,48.000
1904.733,18.614
1905.036,30.495
1905.340,18.693
1905.643,18.812
1905.947,19.050
1906.250,18.931
1906.553,30.614
1906.857,19.525
1907.160,19.168
1907.464,19.366
1907.767,30.693
1908.070,30.376
1908.374,19.960
1908.677,48.079
1908.981,48.079
1909.284,30.495
1909.587,48.158
1909.891,19.802
1910.194,48.317
1910.498,19.485
1910.801,30.376
1911.104,19.327
1911.408,48.317
1911.711,48.317
1912.015,30.614
1912.318,19.406
1912.621,19.485
1912.925,19.366
1913.228,19.208
1913.532,30.574
1913.835,30.653
1914.138,48.436
1914.442,19.208
1914.745,48.436
1915.049,30.733
1915.352,30.376
1915.655,30.416
1915.959,30.931
1916.262,30.376
1916.566,19.366
1916.869,48.356
1917.172,48.277
1917.476,19.485
1917.779,19.485
1918.083,19.485
1918.386,48.158
1918.689,19.287
1918.993,48.158
1919.296,19.208
1919.600,19.327
1919.903,19.327
1920.206,19.168
1920.510,19.406
1920.813,30.495
1921.117,19.287
1921.420,48.277
1921.723,19.287
1922.027,19.050
1922.330,30.376
1922.633,19.010
1922.937,19.010
1923.240,18.970
1923.544,19.010
1923.847,19.208
1924.150,19.683
1924.454,19.366
1924.757,19.921
1925.061,30.455
1925.364,30.851
1925.667,20.238
1925.971,30.851
1926.274,20.356
1926.578,20.713
1926.881,21.030
1927.184,48.673
1927.488,21.069
1927.791,20.752
1928.095,21.069
1928.398,20.752
1928.701,48.238
1929.005,20.356
1929.308,20.040
1929.612,19.960
1929.915,20.396
1930.218,19.762
1930.522,19.525
1930.825,30.376
1931.129,19.644
1931.432,47.802
1931.735,19.327
1932.039,19.129
1932.342,30.851
1932.646,19.050
1932.949,19.168
1933.252,19.485
1933.556,47.802
1933.859,19.644
1934.163,30.416
1934.466,19.485
1934.769,19.604
1935.073,47.802
1935.376,19.762
1935.680,19.842
1935.983,30.455
1936.286,30.653
1936.590,47.762
1936.893,19.723
1937.197,47.683
1937.500,19.960
1937.803,19.762
1938.107,30.455
1938.410,19.842
1938.714,19.842
1939.017,19.802
1939.320,19.762
1939.624,19.644
1939.927,47.604
1940.231,19.287
1940.534,19.050
1940.837,47.604
1941.141,19.089
1941.444,18.535
1941.748,18.851
1942.051,18.099
1942.354,47.564
1942.658,18.099
1942.961,47.564
1943.265,18.653
1943.568,18.218
1943.871,47.525
1944.175,18.812
1944.478,18.851
1944.782,47.485
1945.085,47.446
1945.388,19.525
1945.692,19.010
1945.995,47.604
1946.299,19.089
1946.602,47.564
1946.905,19.248
1947.209,19.248
1947.512,20.158
1947.816,19.921
1948.119,20.317
1948.422,21.426
1948.726,22.099
1949.029,30.970
1949.333,21.267
1949.636,21.465
1949.939,22.020
1950.243,47.644
1950.546,20.079
1950.850,21.149
1951.153,20.238
1951.456,47.406
1951.760,47.406
1952.063,19.842
1952.367,20.673
1952.670,47.248
1952.973,47.208
1953.277,20.317
1953.580,20.673
1953.883,20.000
1954.187,19.168
1954.490,47.050
1954.794,19.842
1955.097,47.050
1955.400,18.733
1955.704,19.168
1956.007,19.327
1956.311,19.881
1956.614,20.594
1956.917,20.950
1957.221,20.158
1957.524,46.891
1957.828,46.891
1958.131,46.851
1958.434,19.802
1958.738,19.366
1959.041,20.079
1959.345,18.970
1959.648,47.010
1959.951,19.089
1960.255,47.089
1960.558,19.881
1960.862,19.446
1961.165,47.050
1961.468,19.960
1961.772,47.010
1962.075,19.921
1962.379,20.198
1962.682,20.040
1962.985,20.198
1963.289,46.891
1963.592,46.931
1963.896,46.970
1964.199,20.158
1964.502,20.673
1964.806,19.802
1965.109,47.129
1965.413,47.129
1965.716,19.762
1966.019,19.604
1966.323,19.644
1966.626,19.762
1966.930,19.960
1967.233,46.931
1967.536,19.960
1967.840,46.891
1968.143,19.802
1968.447,19.366
1968.750,46.851
1969.053,19.010
1969.357,18.772
1969.660,18.455
1969.964,46.812
1970.267,18.297
1970.570,18.297
1970.874,18.337
1971.177,18.455
1971.481,46.812
1971.784,46.812
1972.087,19.960
1972.391,30.376
1972.694,19.802
1972.998,20.277
1973.301,20.752
1973.604,20.356
1973.908,20.594
1974.211,20.752
1974.515,21.307
1974.818,21.188
1975.121,21.188
1975.425,21.228
1975.728,21.505
1976.032,30.416
1976.335,46.891
1976.638,21.267
1976.942,46.891
1977.245,46.891
1977.549,46.851
1977.852,46.812
1978.155,21.030
1978.459,21.030
1978.762,20.950
1979.066,21.069
1979.369,20.634
1979.672,69.386
1979.976,20.832
1980.279,20.277
1980.583,19.921
1980.886,20.079
1981.189,19.683
1981.493,19.327
1981.796,19.802
1982.100,19.485
1982.403,18.772
1982.706,18.733
1983.010,18.614
1983.313,18.535
1983.617,18.812
1983.920,18.772
1984.223,19.604
1984.527,19.168
1984.830,19.604
1985.133,20.436
1985.437,30.851
1985.740,47.366
1986.044,19.881
1986.347,19.802
1986.650,19.802
1986.954,47.525
1987.257,19.802
1987.561,19.921
1987.864,19.960
1988.167,20.158
1988.471,20.792
1988.774,21.149
1989.078,21.149
1989.381,21.109
1989.684,20.475
1989.988,20.792
1990.291,20.475
1990.595,20.158
1990.898,47.921
1991.201,19.802
1991.505,19.604
1991.808,20.040
1992.112,19.485
1992.415,18.891
1992.718,18.851
1993.022,18.970
1993.325,18.653
1993.629,30.376
1993.932,19.089
1994.235,47.881
1994.539,19.010
1994.842,47.842
1995.146,19.485
1995.449,47.762
1995.752,19.604
1996.056,19.129
1996.359,47.604
1996.663,19.168
1996.966,18.733
1997.269,19.129
1997.573,47.406
1997.876,47.366
1998.180,30.931
1998.483,18.574
1998.786,18.653
1999.090,18.693
1999.393,19.089
1999.697,47.406
2000.000,47.366
